"","ADT_ARRIVAL_DATE","season","LWBS_rate"
"1",2014-01-01,"High",0.0691056910569106
"2",2014-01-02,"High",0.0597609561752988
"3",2014-01-03,"High",0.075
"4",2014-01-04,"High",0.0685483870967742
"5",2014-01-05,"High",0.0196078431372549
"6",2014-01-06,"High",0.0130434782608696
"7",2014-01-07,"High",0.0233644859813084
"8",2014-01-08,"High",0.0864197530864197
"9",2014-01-09,"High",0.026431718061674
"10",2014-01-10,"High",0.0230414746543779
"11",2014-01-11,"High",0.0144927536231884
"12",2014-01-12,"High",0.0304347826086957
"13",2014-01-13,"High",0.0860655737704918
"14",2014-01-14,"High",0.0436893203883495
"15",2014-01-15,"High",0.0334728033472803
"16",2014-01-16,"High",0.0144230769230769
"17",2014-01-17,"High",0.0216450216450216
"18",2014-01-18,"High",0.0909090909090909
"19",2014-01-19,"High",0.0774907749077491
"20",2014-01-20,"High",0.0576131687242798
"21",2014-01-21,"High",0.048689138576779
"22",2014-01-22,"High",0.0663900414937759
"23",2014-01-23,"High",0.0704225352112676
"24",2014-01-24,"High",0.0486725663716814
"25",2014-01-25,"High",0.0869565217391304
"26",2014-01-26,"High",0.0692307692307692
"27",2014-01-27,"High",0.0277777777777778
"28",2014-01-28,"High",0.112068965517241
"29",2014-01-29,"High",0.0869565217391304
"30",2014-01-30,"High",0.0818181818181818
"31",2014-01-31,"High",0.037914691943128
"32",2014-02-01,"High",0.0413223140495868
"33",2014-02-02,"High",0.0579150579150579
"34",2014-02-03,"High",0.00442477876106195
"35",2014-02-04,"High",0
"36",2014-02-05,"High",0.0539419087136929
"37",2014-02-06,"High",0.0817307692307692
"38",2014-02-07,"High",0.106995884773663
"39",2014-02-08,"High",0.0669642857142857
"40",2014-02-09,"High",0.0928270042194093
"41",2014-02-10,"High",0.00460829493087558
"42",2014-02-11,"High",0.105726872246696
"43",2014-02-12,"High",0.0700934579439252
"44",2014-02-13,"High",0.062780269058296
"45",2014-02-14,"High",0.0421052631578947
"46",2014-02-15,"High",0.0330578512396694
"47",2014-02-16,"High",0.0905349794238683
"48",2014-02-17,"High",0.0330578512396694
"49",2014-02-18,"High",0.0916334661354582
"50",2014-02-19,"High",0.0471698113207547
"51",2014-02-20,"High",0.0708661417322835
"52",2014-02-21,"High",0.0492610837438424
"53",2014-02-22,"High",0.0714285714285714
"54",2014-02-23,"High",0.0954356846473029
"55",2014-02-24,"High",0.0464135021097046
"56",2014-02-25,"High",0.0394736842105263
"57",2014-02-26,"High",0.114285714285714
"58",2014-02-27,"High",0.107883817427386
"59",2014-02-28,"High",0.130434782608696
"60",2014-03-01,"High",0.0390243902439024
"61",2014-03-02,"High",0.018348623853211
"62",2014-03-03,"High",0.0143540669856459
"63",2014-03-04,"High",0.0169491525423729
"64",2014-03-05,"High",0.100877192982456
"65",2014-03-06,"High",0.0585365853658537
"66",2014-03-07,"High",0.0599078341013825
"67",2014-03-08,"High",0.109649122807018
"68",2014-03-09,"High",0.0445344129554656
"69",2014-03-10,"High",0.0985401459854015
"70",2014-03-11,"High",0.0216450216450216
"71",2014-03-12,"High",0.0663265306122449
"72",2014-03-13,"High",0.092436974789916
"73",2014-03-14,"High",0.0673076923076923
"74",2014-03-15,"High",0.092511013215859
"75",2014-03-16,"High",0.0897435897435897
"76",2014-03-17,"High",0.0323886639676113
"77",2014-03-18,"High",0.0454545454545455
"78",2014-03-19,"High",0.0837004405286344
"79",2014-03-20,"High",0.0410958904109589
"80",2014-03-21,"High",0.0688073394495413
"81",2014-03-22,"High",0.0858369098712446
"82",2014-03-23,"High",0.0305676855895196
"83",2014-03-24,"High",0.11969111969112
"84",2014-03-25,"High",0.11353711790393
"85",2014-03-26,"High",0.0567010309278351
"86",2014-03-27,"High",0.0853080568720379
"87",2014-03-28,"High",0.106481481481481
"88",2014-03-29,"High",0.0432692307692308
"89",2014-03-30,"High",0.0361990950226244
"90",2014-03-31,"High",0.0211640211640212
"91",2014-04-01,"Medium",0.0230414746543779
"92",2014-04-02,"Medium",0.01875
"93",2014-04-03,"Medium",0.0368421052631579
"94",2014-04-04,"Medium",0.06
"95",2014-04-05,"Medium",0.029126213592233
"96",2014-04-06,"Medium",0.0252525252525253
"97",2014-04-07,"Medium",0.0147058823529412
"98",2014-04-08,"Medium",0.00520833333333333
"99",2014-04-09,"Medium",0.0540540540540541
"100",2014-04-10,"Medium",0.0412371134020619
"101",2014-04-11,"Medium",0.0120481927710843
"102",2014-04-12,"Medium",0.0193236714975845
"103",2014-04-13,"Medium",0.00985221674876847
"104",2014-04-14,"Medium",0.0214592274678112
"105",2014-04-15,"Medium",0.00518134715025907
"106",2014-04-16,"Medium",0.0115606936416185
"107",2014-04-17,"Medium",0.0384615384615385
"108",2014-04-18,"Medium",0.0954545454545455
"109",2014-04-19,"Medium",0.0163934426229508
"110",2014-04-20,"Medium",0.00529100529100529
"111",2014-04-21,"Medium",0.0128755364806867
"112",2014-04-22,"Medium",0.0162162162162162
"113",2014-04-23,"Medium",0.0358974358974359
"114",2014-04-24,"Medium",0.0394088669950739
"115",2014-04-25,"Medium",0.025
"116",2014-04-26,"Medium",0.029126213592233
"117",2014-04-27,"Medium",0.0240384615384615
"118",2014-04-28,"Medium",0.0308880308880309
"119",2014-04-29,"Medium",0.0418604651162791
"120",2014-04-30,"Medium",0.0339805825242718
"121",2014-05-01,"Medium",0.0714285714285714
"122",2014-05-02,"Medium",0.0674157303370786
"123",2014-05-03,"Medium",0.0656565656565657
"124",2014-05-04,"Medium",0.023696682464455
"125",2014-05-05,"Medium",0.00444444444444444
"126",2014-05-06,"Medium",0.00995024875621891
"127",2014-05-07,"Medium",0.0351758793969849
"128",2014-05-08,"Medium",0.0306122448979592
"129",2014-05-09,"Medium",0.0631578947368421
"130",2014-05-10,"Medium",0.0261780104712042
"131",2014-05-11,"Medium",0.0669642857142857
"132",2014-05-12,"Medium",0.0627450980392157
"133",2014-05-13,"Medium",0.168224299065421
"134",2014-05-14,"Medium",0.06
"135",2014-05-15,"Medium",0.0213903743315508
"136",2014-05-16,"Medium",0.129166666666667
"137",2014-05-17,"Medium",0.178723404255319
"138",2014-05-18,"Medium",0.104803493449782
"139",2014-05-19,"Medium",0.0372093023255814
"140",2014-05-20,"Medium",0.0555555555555556
"141",2014-05-21,"Medium",0.0934579439252336
"142",2014-05-22,"Medium",0.058252427184466
"143",2014-05-23,"Medium",0.00537634408602151
"144",2014-05-24,"Medium",0.0110497237569061
"145",2014-05-25,"Medium",0.00854700854700855
"146",2014-05-26,"Medium",0.00423728813559322
"147",2014-05-27,"Medium",0.039647577092511
"148",2014-05-28,"Medium",0.0476190476190476
"149",2014-05-29,"Medium",0.0502283105022831
"150",2014-05-30,"Medium",0.0319634703196347
"151",2014-05-31,"Medium",0.0744186046511628
"152",2014-06-01,"Low",0.0582959641255605
"153",2014-06-02,"Low",0.0854700854700855
"154",2014-06-03,"Low",0.0487804878048781
"155",2014-06-04,"Low",0.0939226519337017
"156",2014-06-05,"Low",0.0594059405940594
"157",2014-06-06,"Low",0.0245398773006135
"158",2014-06-07,"Low",0.010989010989011
"159",2014-06-08,"Low",0.115740740740741
"160",2014-06-09,"Low",0.0783410138248848
"161",2014-06-10,"Low",0.0252525252525253
"162",2014-06-11,"Low",0.0473372781065089
"163",2014-06-12,"Low",0.00609756097560976
"164",2014-06-13,"Low",0.068421052631579
"165",2014-06-14,"Low",0.0486486486486487
"166",2014-06-15,"Low",0.0135746606334842
"167",2014-06-16,"Low",0.0160427807486631
"168",2014-06-17,"Low",0.0111111111111111
"169",2014-06-18,"Low",0.0909090909090909
"170",2014-06-19,"Low",0.0702702702702703
"171",2014-06-20,"Low",0.0954773869346734
"172",2014-06-21,"Low",0.135135135135135
"173",2014-06-22,"Low",0.0930232558139535
"174",2014-06-23,"Low",0.065
"175",2014-06-24,"Low",0
"176",2014-06-25,"Low",0.00574712643678161
"177",2014-06-26,"Low",0.032258064516129
"178",2014-06-27,"Low",0.0205128205128205
"179",2014-06-28,"Low",0.00518134715025907
"180",2014-06-29,"Low",0.0288461538461538
"181",2014-06-30,"Low",0.00561797752808989
"182",2014-07-01,"Low",0
"183",2014-07-02,"Low",0.0171428571428571
"184",2014-07-03,"Low",0.0378378378378378
"185",2014-07-04,"Low",0.0552486187845304
"186",2014-07-05,"Low",0.0802139037433155
"187",2014-07-06,"Low",0.0327102803738318
"188",2014-07-07,"Low",0.0142857142857143
"189",2014-07-08,"Low",0.0634920634920635
"190",2014-07-09,"Low",0.0489130434782609
"191",2014-07-10,"Low",0.0352941176470588
"192",2014-07-11,"Low",0.0229885057471264
"193",2014-07-12,"Low",0.0260416666666667
"194",2014-07-13,"Low",0.031390134529148
"195",2014-07-14,"Low",0.0392156862745098
"196",2014-07-15,"Low",0.0444444444444444
"197",2014-07-16,"Low",0.0662983425414365
"198",2014-07-17,"Low",0.072289156626506
"199",2014-07-18,"Low",0.0491803278688525
"200",2014-07-19,"Low",0.0220994475138122
"201",2014-07-20,"Low",0.0320855614973262
"202",2014-07-21,"Low",0.0378378378378378
"203",2014-07-22,"Low",0.0532544378698225
"204",2014-07-23,"Low",0.0384615384615385
"205",2014-07-24,"Low",0.0178571428571429
"206",2014-07-25,"Low",0.046875
"207",2014-07-26,"Low",0.0388888888888889
"208",2014-07-27,"Low",0.0412371134020619
"209",2014-07-28,"Low",0.0188679245283019
"210",2014-07-29,"Low",0.0473684210526316
"211",2014-07-30,"Low",0.170854271356784
"212",2014-07-31,"Low",0.0745341614906832
"213",2014-08-01,"Low",0.0544554455445545
"214",2014-08-02,"Low",0.0434782608695652
"215",2014-08-03,"Low",0.0208333333333333
"216",2014-08-04,"Low",0.0160427807486631
"217",2014-08-05,"Low",0.0645161290322581
"218",2014-08-06,"Low",0.144508670520231
"219",2014-08-07,"Low",0.0235294117647059
"220",2014-08-08,"Low",0.102272727272727
"221",2014-08-09,"Low",0.0348837209302326
"222",2014-08-10,"Low",0.0253807106598985
"223",2014-08-11,"Low",0.0338983050847458
"224",2014-08-12,"Low",0.0615384615384615
"225",2014-08-13,"Low",0.0824175824175824
"226",2014-08-14,"Low",0.0406976744186047
"227",2014-08-15,"Low",0.108247422680412
"228",2014-08-16,"Low",0.0656565656565657
"229",2014-08-17,"Low",0.0256410256410256
"230",2014-08-18,"Low",0.00543478260869565
"231",2014-08-19,"Low",0.0202020202020202
"232",2014-08-20,"Low",0.0788177339901478
"233",2014-08-21,"Low",0.0227272727272727
"234",2014-08-22,"Low",0.0454545454545455
"235",2014-08-23,"Low",0.0165745856353591
"236",2014-08-24,"Low",0.0150753768844221
"237",2014-08-25,"Low",0
"238",2014-08-26,"Low",0.0564102564102564
"239",2014-08-27,"Low",0.0486486486486487
"240",2014-08-28,"Low",0.027027027027027
"241",2014-08-29,"Low",0.0430622009569378
"242",2014-08-30,"Low",0.110091743119266
"243",2014-08-31,"Low",0.0826086956521739
"244",2014-09-01,"Medium",0.0222222222222222
"245",2014-09-02,"Medium",0.103139013452915
"246",2014-09-03,"Medium",0.0339805825242718
"247",2014-09-04,"Medium",0.00462962962962963
"248",2014-09-05,"Medium",0
"249",2014-09-06,"Medium",0.00858369098712446
"250",2014-09-07,"Medium",0.0262008733624454
"251",2014-09-08,"Medium",0.00900900900900901
"252",2014-09-09,"Medium",0.0179372197309417
"253",2014-09-10,"Medium",0.0625
"254",2014-09-11,"Medium",0.0050761421319797
"255",2014-09-12,"Medium",0.0144230769230769
"256",2014-09-13,"Medium",0.0883534136546185
"257",2014-09-14,"Medium",0.0125523012552301
"258",2014-09-15,"Medium",0.00444444444444444
"259",2014-09-16,"Medium",0.00434782608695652
"260",2014-09-17,"Medium",0.0984848484848485
"261",2014-09-18,"Medium",0.0600858369098712
"262",2014-09-19,"Medium",0.072
"263",2014-09-20,"Medium",0.048582995951417
"264",2014-09-21,"Medium",0.0134529147982063
"265",2014-09-22,"Medium",0.0474308300395257
"266",2014-09-23,"Medium",0.0308370044052863
"267",2014-09-24,"Medium",0.0791666666666667
"268",2014-09-25,"Medium",0.0775510204081633
"269",2014-09-26,"Medium",0.0218340611353712
"270",2014-09-27,"Medium",0.00465116279069767
"271",2014-09-28,"Medium",0.0267857142857143
"272",2014-09-29,"Medium",0.0493827160493827
"273",2014-09-30,"Medium",0.0304568527918782
"274",2014-10-01,"Medium",0.0147783251231527
"275",2014-10-02,"Medium",0.0368663594470046
"276",2014-10-03,"Medium",0.0188679245283019
"277",2014-10-04,"Medium",0.00961538461538462
"278",2014-10-05,"Medium",0.0177777777777778
"279",2014-10-06,"Medium",0.0539568345323741
"280",2014-10-07,"Medium",0.0808510638297872
"281",2014-10-08,"Medium",0.048582995951417
"282",2014-10-09,"Medium",0.0239234449760766
"283",2014-10-10,"Medium",0.004739336492891
"284",2014-10-11,"Medium",0.0245098039215686
"285",2014-10-12,"Medium",0.00454545454545455
"286",2014-10-13,"Medium",0.0447761194029851
"287",2014-10-14,"Medium",0.012987012987013
"288",2014-10-15,"Medium",0.0560344827586207
"289",2014-10-16,"Medium",0.0553191489361702
"290",2014-10-17,"Medium",0.0248756218905473
"291",2014-10-18,"Medium",0.0184331797235023
"292",2014-10-19,"Medium",0.00934579439252336
"293",2014-10-20,"Medium",0.00854700854700855
"294",2014-10-21,"Medium",0.00452488687782805
"295",2014-10-22,"Medium",0.0246305418719212
"296",2014-10-23,"Medium",0.0045045045045045
"297",2014-10-24,"Medium",0.0286885245901639
"298",2014-10-25,"Medium",0.0361990950226244
"299",2014-10-26,"Medium",0.0253164556962025
"300",2014-10-27,"Medium",0.0263157894736842
"301",2014-10-28,"Medium",0
"302",2014-10-29,"Medium",0.0175438596491228
"303",2014-10-30,"Medium",0.00543478260869565
"304",2014-10-31,"Medium",0
"305",2014-11-01,"Medium",0
"306",2014-11-02,"Medium",0
"307",2014-11-03,"Medium",0.0210970464135021
"308",2014-11-04,"Medium",0.0045045045045045
"309",2014-11-05,"Medium",0.00956937799043062
"310",2014-11-06,"Medium",0
"311",2014-11-07,"Medium",0
"312",2014-11-08,"Medium",0
"313",2014-11-09,"Medium",0.00884955752212389
"314",2014-11-10,"Medium",0
"315",2014-11-11,"Medium",0
"316",2014-11-12,"Medium",0
"317",2014-11-13,"Medium",0
"318",2014-11-14,"Medium",0
"319",2014-11-15,"Medium",0
"320",2014-11-16,"Medium",0.0221238938053097
"321",2014-11-17,"Medium",0
"322",2014-11-18,"Medium",0
"323",2014-11-19,"Medium",0
"324",2014-11-20,"Medium",0
"325",2014-11-21,"Medium",0
"326",2014-11-22,"Medium",0
"327",2014-11-23,"Medium",0
"328",2014-11-24,"Medium",0
"329",2014-11-25,"Medium",0
"330",2014-11-26,"Medium",0
"331",2014-11-27,"Medium",0
"332",2014-11-28,"Medium",0.0151515151515152
"333",2014-11-29,"Medium",0.00421940928270042
"334",2014-11-30,"Medium",0
"335",2014-12-01,"Medium",0.016597510373444
"336",2014-12-02,"Medium",0
"337",2014-12-03,"Medium",0
"338",2014-12-04,"Medium",0
"339",2014-12-05,"Medium",0.0127118644067797
"340",2014-12-06,"Medium",0.00429184549356223
"341",2014-12-07,"Medium",0.0122950819672131
"342",2014-12-08,"Medium",0.043956043956044
"343",2014-12-09,"Medium",0.00465116279069767
"344",2014-12-10,"Medium",0
"345",2014-12-11,"Medium",0.0115830115830116
"346",2014-12-12,"Medium",0.00505050505050505
"347",2014-12-13,"Medium",0.00465116279069767
"348",2014-12-14,"Medium",0.0136986301369863
"349",2014-12-15,"Medium",0
"350",2014-12-16,"Medium",0
"351",2014-12-17,"Medium",0
"352",2014-12-18,"Medium",0.00467289719626168
"353",2014-12-19,"Medium",0
"354",2014-12-20,"Medium",0.00454545454545455
"355",2014-12-21,"Medium",0.00367647058823529
"356",2014-12-22,"Medium",0.00836820083682008
"357",2014-12-23,"Medium",0
"358",2014-12-24,"Medium",0.00512820512820513
"359",2014-12-25,"Medium",0.00444444444444444
"360",2014-12-26,"Medium",0.00769230769230769
"361",2014-12-27,"Medium",0
"362",2014-12-28,"Medium",0
"363",2014-12-29,"Medium",0.0187265917602996
"364",2014-12-30,"Medium",0.0127118644067797
"365",2014-12-31,"Medium",0
"366",2015-01-01,"High",0
"367",2015-01-02,"High",0.00746268656716418
"368",2015-01-03,"High",0.00738007380073801
"369",2015-01-04,"High",0.00359712230215827
"370",2015-01-05,"High",0.00344827586206897
"371",2015-01-06,"High",0
"372",2015-01-07,"High",0.00387596899224806
"373",2015-01-08,"High",0.0547945205479452
"374",2015-01-09,"High",0.0036231884057971
"375",2015-01-10,"High",0
"376",2015-01-11,"High",0
"377",2015-01-12,"High",0.0034965034965035
"378",2015-01-13,"High",0.0075187969924812
"379",2015-01-14,"High",0
"380",2015-01-15,"High",0.0236486486486486
"381",2015-01-16,"High",0
"382",2015-01-17,"High",0
"383",2015-01-18,"High",0.00342465753424658
"384",2015-01-19,"High",0.0100334448160535
"385",2015-01-20,"High",0.00641025641025641
"386",2015-01-21,"High",0.0127388535031847
"387",2015-01-22,"High",0.0301003344481605
"388",2015-01-23,"High",0.0173010380622837
"389",2015-01-24,"High",0.00986842105263158
"390",2015-01-25,"High",0.0353982300884956
"391",2015-01-26,"High",0.024390243902439
"392",2015-01-27,"High",0.0307692307692308
"393",2015-01-28,"High",0.0339943342776204
"394",2015-01-29,"High",0.0309597523219814
"395",2015-01-30,"High",0.0142857142857143
"396",2015-01-31,"High",0.00306748466257669
"397",2015-02-01,"High",0.00341296928327645
"398",2015-02-02,"High",0.0263929618768328
"399",2015-02-03,"High",0.0186335403726708
"400",2015-02-04,"High",0.0196078431372549
"401",2015-02-05,"High",0.0337837837837838
"402",2015-02-06,"High",0.0214285714285714
"403",2015-02-07,"High",0.00651465798045603
"404",2015-02-08,"High",0.0289017341040462
"405",2015-02-09,"High",0.015625
"406",2015-02-10,"High",0.0159744408945687
"407",2015-02-11,"High",0.00352112676056338
"408",2015-02-12,"High",0.00367647058823529
"409",2015-02-13,"High",0.0174825174825175
"410",2015-02-14,"High",0.0218978102189781
"411",2015-02-15,"High",0.0188679245283019
"412",2015-02-16,"High",0
"413",2015-02-17,"High",0.00958466453674121
"414",2015-02-18,"High",0.009375
"415",2015-02-19,"High",0.0233333333333333
"416",2015-02-20,"High",0.0037037037037037
"417",2015-02-21,"High",0.0142348754448399
"418",2015-02-22,"High",0
"419",2015-02-23,"High",0
"420",2015-02-24,"High",0
"421",2015-02-25,"High",0.00757575757575758
"422",2015-02-26,"High",0
"423",2015-02-27,"High",0
"424",2015-02-28,"High",0
"425",2015-03-01,"High",0
"426",2015-03-02,"High",0
"427",2015-03-03,"High",0.0153846153846154
"428",2015-03-04,"High",0.0402684563758389
"429",2015-03-05,"High",0.0177304964539007
"430",2015-03-06,"High",0.0165562913907285
"431",2015-03-07,"High",0.0105633802816901
"432",2015-03-08,"High",0.0177304964539007
"433",2015-03-09,"High",0.0782122905027933
"434",2015-03-10,"High",0.0448717948717949
"435",2015-03-11,"High",0.0208333333333333
"436",2015-03-12,"High",0.0304054054054054
"437",2015-03-13,"High",0.0546623794212219
"438",2015-03-14,"High",0.0129449838187702
"439",2015-03-15,"High",0.03003003003003
"440",2015-03-16,"High",0.112044817927171
"441",2015-03-17,"High",0.0551724137931034
"442",2015-03-18,"High",0.0342679127725857
"443",2015-03-19,"High",0
"444",2015-03-20,"High",0.0174216027874564
"445",2015-03-21,"High",0.0136054421768707
"446",2015-03-22,"High",0.00986842105263158
"447",2015-03-23,"High",0.00325732899022801
"448",2015-03-24,"High",0.00664451827242525
"449",2015-03-25,"High",0.0108695652173913
"450",2015-03-26,"High",0.00719424460431655
"451",2015-03-27,"High",0
"452",2015-03-28,"High",0.00749063670411985
"453",2015-03-29,"High",0.00980392156862745
"454",2015-03-30,"High",0
"455",2015-03-31,"High",0
"456",2015-04-01,"Medium",0
"457",2015-04-02,"Medium",0.00418410041841004
"458",2015-04-03,"Medium",0.00409836065573771
"459",2015-04-04,"Medium",0.00454545454545455
"460",2015-04-05,"Medium",0.00732600732600733
"461",2015-04-06,"Medium",0.041044776119403
"462",2015-04-07,"Medium",0
"463",2015-04-08,"Medium",0
"464",2015-04-09,"Medium",0.00766283524904215
"465",2015-04-10,"Medium",0.0165289256198347
"466",2015-04-11,"Medium",0.00429184549356223
"467",2015-04-12,"Medium",0.00986842105263158
"468",2015-04-13,"Medium",0.0175438596491228
"469",2015-04-14,"Medium",0
"470",2015-04-15,"Medium",0.0223048327137546
"471",2015-04-16,"Medium",0
"472",2015-04-17,"Medium",0.0121951219512195
"473",2015-04-18,"Medium",0.00390625
"474",2015-04-19,"Medium",0
"475",2015-04-20,"Medium",0.00735294117647059
"476",2015-04-21,"Medium",0
"477",2015-04-22,"Medium",0
"478",2015-04-23,"Medium",0.00380228136882129
"479",2015-04-24,"Medium",0.00458715596330275
"480",2015-04-25,"Medium",0.00829875518672199
"481",2015-04-26,"Medium",0.00396825396825397
"482",2015-04-27,"Medium",0.00357142857142857
"483",2015-04-28,"Medium",0.00377358490566038
"484",2015-04-29,"Medium",0.0196850393700787
"485",2015-04-30,"Medium",0.0114942528735632
"486",2015-05-01,"Medium",0
"487",2015-05-02,"Medium",0.0384615384615385
"488",2015-05-03,"Medium",0.013986013986014
"489",2015-05-04,"Medium",0.0272108843537415
"490",2015-05-05,"Medium",0.00420168067226891
"491",2015-05-06,"Medium",0.00803212851405622
"492",2015-05-07,"Medium",0.0180995475113122
"493",2015-05-08,"Medium",0
"494",2015-05-09,"Medium",0
"495",2015-05-10,"Medium",0
"496",2015-05-11,"Medium",0.00806451612903226
"497",2015-05-12,"Medium",0
"498",2015-05-13,"Medium",0.00816326530612245
"499",2015-05-14,"Medium",0.00478468899521531
"500",2015-05-15,"Medium",0.00427350427350427
"501",2015-05-16,"Medium",0
"502",2015-05-17,"Medium",0
"503",2015-05-18,"Medium",0.00363636363636364
"504",2015-05-19,"Medium",0.014760147601476
"505",2015-05-20,"Medium",0.00833333333333333
"506",2015-05-21,"Medium",0.00416666666666667
"507",2015-05-22,"Medium",0
"508",2015-05-23,"Medium",0
"509",2015-05-24,"Medium",0.00687285223367698
"510",2015-05-25,"Medium",0.00380228136882129
"511",2015-05-26,"Medium",0.00378787878787879
"512",2015-05-27,"Medium",0.00813008130081301
"513",2015-05-28,"Medium",0
"514",2015-05-29,"Medium",0
"515",2015-05-30,"Medium",0
"516",2015-05-31,"Medium",0
"517",2015-06-01,"Low",0
"518",2015-06-02,"Low",0.00421940928270042
"519",2015-06-03,"Low",0.00485436893203883
"520",2015-06-04,"Low",0
"521",2015-06-05,"Low",0
"522",2015-06-06,"Low",0
"523",2015-06-07,"Low",0
"524",2015-06-08,"Low",0.00384615384615385
"525",2015-06-09,"Low",0
"526",2015-06-10,"Low",0
"527",2015-06-11,"Low",0
"528",2015-06-12,"Low",0
"529",2015-06-13,"Low",0
"530",2015-06-14,"Low",0.00432900432900433
"531",2015-06-15,"Low",0
"532",2015-06-16,"Low",0.00495049504950495
"533",2015-06-17,"Low",0
"534",2015-06-18,"Low",0
"535",2015-06-19,"Low",0.00492610837438424
"536",2015-06-20,"Low",0.0099009900990099
"537",2015-06-21,"Low",0
"538",2015-06-22,"Low",0.0050761421319797
"539",2015-06-23,"Low",0
"540",2015-06-24,"Low",0
"541",2015-06-25,"Low",0
"542",2015-06-26,"Low",0
"543",2015-06-27,"Low",0.00446428571428571
"544",2015-06-28,"Low",0
"545",2015-06-29,"Low",0.0043859649122807
"546",2015-06-30,"Low",0.00485436893203883
"547",2015-07-01,"Low",0
"548",2015-07-02,"Low",0
"549",2015-07-03,"Low",0
"550",2015-07-04,"Low",0.00446428571428571
"551",2015-07-05,"Low",0
"552",2015-07-06,"Low",0
"553",2015-07-07,"Low",0
"554",2015-07-08,"Low",0
"555",2015-07-09,"Low",0
"556",2015-07-10,"Low",0.00490196078431373
"557",2015-07-11,"Low",0
"558",2015-07-12,"Low",0
"559",2015-07-13,"Low",0
"560",2015-07-14,"Low",0.00485436893203883
"561",2015-07-15,"Low",0
"562",2015-07-16,"Low",0
"563",2015-07-17,"Low",0
"564",2015-07-18,"Low",0
"565",2015-07-19,"Low",0
"566",2015-07-20,"Low",0
"567",2015-07-21,"Low",0
"568",2015-07-22,"Low",0
"569",2015-07-23,"Low",0.00485436893203883
"570",2015-07-24,"Low",0
"571",2015-07-25,"Low",0.00454545454545455
"572",2015-07-26,"Low",0
"573",2015-07-27,"Low",0.00444444444444444
"574",2015-07-28,"Low",0
"575",2015-07-29,"Low",0
"576",2015-07-30,"Low",0
"577",2015-07-31,"Low",0.00478468899521531
"578",2015-08-01,"Low",0
"579",2015-08-02,"Low",0.00947867298578199
"580",2015-08-03,"Low",0
"581",2015-08-04,"Low",0.00476190476190476
"582",2015-08-05,"Low",0
"583",2015-08-06,"Low",0
"584",2015-08-07,"Low",0
"585",2015-08-08,"Low",0
"586",2015-08-09,"Low",0
"587",2015-08-10,"Low",0.00892857142857143
"588",2015-08-11,"Low",0
"589",2015-08-12,"Low",0.00995024875621891
"590",2015-08-13,"Low",0
"591",2015-08-14,"Low",0.00442477876106195
"592",2015-08-15,"Low",0
"593",2015-08-16,"Low",0
"594",2015-08-17,"Low",0
"595",2015-08-18,"Low",0
"596",2015-08-19,"Low",0
"597",2015-08-20,"Low",0.00467289719626168
"598",2015-08-21,"Low",0.00440528634361234
"599",2015-08-22,"Low",0
"600",2015-08-23,"Low",0
"601",2015-08-24,"Low",0
"602",2015-08-25,"Low",0.004739336492891
"603",2015-08-26,"Low",0.0043859649122807
"604",2015-08-27,"Low",0
"605",2015-08-28,"Low",0
"606",2015-08-29,"Low",0.00881057268722467
"607",2015-08-30,"Low",0
"608",2015-08-31,"Low",0.0043859649122807
"609",2015-09-01,"Medium",0
"610",2015-09-02,"Medium",0.00432900432900433
"611",2015-09-03,"Medium",0.00460829493087558
"612",2015-09-04,"Medium",0
"613",2015-09-05,"Medium",0
"614",2015-09-06,"Medium",0.003690036900369
"615",2015-09-07,"Medium",0
"616",2015-09-08,"Medium",0.0274509803921569
"617",2015-09-09,"Medium",0.00738007380073801
"618",2015-09-10,"Medium",0.00401606425702811
"619",2015-09-11,"Medium",0.00432900432900433
"620",2015-09-12,"Medium",0.0192307692307692
"621",2015-09-13,"Medium",0
"622",2015-09-14,"Medium",0.0381679389312977
"623",2015-09-15,"Medium",0
"624",2015-09-16,"Medium",0.00440528634361234
"625",2015-09-17,"Medium",0.0203252032520325
"626",2015-09-18,"Medium",0.00440528634361234
"627",2015-09-19,"Medium",0.0121457489878543
"628",2015-09-20,"Medium",0.00408163265306122
"629",2015-09-21,"Medium",0.0144927536231884
"630",2015-09-22,"Medium",0.0187265917602996
"631",2015-09-23,"Medium",0.0078125
"632",2015-09-24,"Medium",0.00884955752212389
"633",2015-09-25,"Medium",0.00862068965517241
"634",2015-09-26,"Medium",0.00809716599190283
"635",2015-09-27,"Medium",0.0138888888888889
"636",2015-09-28,"Medium",0.0275862068965517
"637",2015-09-29,"Medium",0.0189393939393939
"638",2015-09-30,"Medium",0.00374531835205993
"639",2015-10-01,"Medium",0
"640",2015-10-02,"Medium",0
"641",2015-10-03,"Medium",0.00420168067226891
"642",2015-10-04,"Medium",0.00411522633744856
"643",2015-10-05,"Medium",0
"644",2015-10-06,"Medium",0.00429184549356223
"645",2015-10-07,"Medium",0.00806451612903226
"646",2015-10-08,"Medium",0.012396694214876
"647",2015-10-09,"Medium",0.015748031496063
"648",2015-10-10,"Medium",0
"649",2015-10-11,"Medium",0.0108695652173913
"650",2015-10-12,"Medium",0.0392749244712991
"651",2015-10-13,"Medium",0.0119521912350598
"652",2015-10-14,"Medium",0.00386100386100386
"653",2015-10-15,"Medium",0.0211864406779661
"654",2015-10-16,"Medium",0.00947867298578199
"655",2015-10-17,"Medium",0.00829875518672199
"656",2015-10-18,"Medium",0
"657",2015-10-19,"Medium",0.0204918032786885
"658",2015-10-20,"Medium",0
"659",2015-10-21,"Medium",0.012987012987013
"660",2015-10-22,"Medium",0.0118110236220472
"661",2015-10-23,"Medium",0
"662",2015-10-24,"Medium",0
"663",2015-10-25,"Medium",0
"664",2015-10-26,"Medium",0.0187265917602996
"665",2015-10-27,"Medium",0.00809716599190283
"666",2015-10-28,"Medium",0
"667",2015-10-29,"Medium",0.00873362445414847
"668",2015-10-30,"Medium",0.00458715596330275
"669",2015-10-31,"Medium",0
"670",2015-11-01,"Medium",0
"671",2015-11-02,"Medium",0.0149812734082397
"672",2015-11-03,"Medium",0
"673",2015-11-04,"Medium",0.00460829493087558
"674",2015-11-05,"Medium",0
"675",2015-11-06,"Medium",0.0122448979591837
"676",2015-11-07,"Medium",0.0115830115830116
"677",2015-11-08,"Medium",0
"678",2015-11-09,"Medium",0.00390625
"679",2015-11-10,"Medium",0
"680",2015-11-11,"Medium",0
"681",2015-11-12,"Medium",0.00396825396825397
"682",2015-11-13,"Medium",0
"683",2015-11-14,"Medium",0
"684",2015-11-15,"Medium",0.00373134328358209
"685",2015-11-16,"Medium",0.00763358778625954
"686",2015-11-17,"Medium",0
"687",2015-11-18,"Medium",0
"688",2015-11-19,"Medium",0.00809716599190283
"689",2015-11-20,"Medium",0.00411522633744856
"690",2015-11-21,"Medium",0.0075187969924812
"691",2015-11-22,"Medium",0.00337837837837838
"692",2015-11-23,"Medium",0
"693",2015-11-24,"Medium",0
"694",2015-11-25,"Medium",0
"695",2015-11-26,"Medium",0
"696",2015-11-27,"Medium",0.0242914979757085
"697",2015-11-28,"Medium",0
"698",2015-11-29,"Medium",0.00826446280991736
"699",2015-11-30,"Medium",0
"700",2015-12-01,"Medium",0.00423728813559322
"701",2015-12-02,"Medium",0
"702",2015-12-03,"Medium",0.00398406374501992
"703",2015-12-04,"Medium",0
"704",2015-12-05,"Medium",0.00436681222707424
"705",2015-12-06,"Medium",0
"706",2015-12-07,"Medium",0
"707",2015-12-08,"Medium",0.0407407407407407
"708",2015-12-09,"Medium",0.0181159420289855
"709",2015-12-10,"Medium",0.0155038759689922
"710",2015-12-11,"Medium",0.00909090909090909
"711",2015-12-12,"Medium",0.00432900432900433
"712",2015-12-13,"Medium",0.0036231884057971
"713",2015-12-14,"Medium",0
"714",2015-12-15,"Medium",0.00909090909090909
"715",2015-12-16,"Medium",0
"716",2015-12-17,"Medium",0.00444444444444444
"717",2015-12-18,"Medium",0
"718",2015-12-19,"Medium",0
"719",2015-12-20,"Medium",0
"720",2015-12-21,"Medium",0
"721",2015-12-22,"Medium",0
"722",2015-12-23,"Medium",0
"723",2015-12-24,"Medium",0
"724",2015-12-25,"Medium",0
"725",2015-12-26,"Medium",0
"726",2015-12-27,"Medium",0
"727",2015-12-28,"Medium",0
"728",2015-12-29,"Medium",0.00784313725490196
"729",2015-12-30,"Medium",0.00819672131147541
"730",2015-12-31,"Medium",0
"731",2016-01-01,"High",0.00318471337579618
"732",2016-01-02,"High",0
"733",2016-01-03,"High",0.00359712230215827
"734",2016-01-04,"High",0.00390625
"735",2016-01-05,"High",0
"736",2016-01-06,"High",0.0050251256281407
"737",2016-01-07,"High",0
"738",2016-01-08,"High",0
"739",2016-01-09,"High",0
"740",2016-01-10,"High",0
"741",2016-01-11,"High",0
"742",2016-01-12,"High",0
"743",2016-01-13,"High",0
"744",2016-01-14,"High",0
"745",2016-01-15,"High",0.00420168067226891
"746",2016-01-16,"High",0
"747",2016-01-17,"High",0
"748",2016-01-18,"High",0
"749",2016-01-19,"High",0.0036231884057971
"750",2016-01-20,"High",0
"751",2016-01-21,"High",0
"752",2016-01-22,"High",0.00716845878136201
"753",2016-01-23,"High",0.00373134328358209
"754",2016-01-24,"High",0
"755",2016-01-25,"High",0.00317460317460317
"756",2016-01-26,"High",0.00359712230215827
"757",2016-01-27,"High",0
"758",2016-01-28,"High",0.0068259385665529
"759",2016-01-29,"High",0.00732600732600733
"760",2016-01-30,"High",0
"761",2016-01-31,"High",0
"762",2016-02-01,"High",0
"763",2016-02-02,"High",0
"764",2016-02-03,"High",0
"765",2016-02-04,"High",0.00343642611683849
"766",2016-02-05,"High",0.0155763239875389
"767",2016-02-06,"High",0.00307692307692308
"768",2016-02-07,"High",0.00543478260869565
"769",2016-02-08,"High",0.0159574468085106
"770",2016-02-09,"High",0.0241691842900302
"771",2016-02-10,"High",0.027027027027027
"772",2016-02-11,"High",0.0214067278287462
"773",2016-02-12,"High",0.033434650455927
"774",2016-02-13,"High",0.0029585798816568
"775",2016-02-14,"High",0.00261780104712042
"776",2016-02-15,"High",0.00526315789473684
"777",2016-02-16,"High",0.0407673860911271
"778",2016-02-17,"High",0.0250696378830084
"779",2016-02-18,"High",0.0195530726256983
"780",2016-02-19,"High",0.0138121546961326
"781",2016-02-20,"High",0.00867052023121387
"782",2016-02-21,"High",0.00613496932515337
"783",2016-02-22,"High",0.00802139037433155
"784",2016-02-23,"High",0.00307692307692308
"785",2016-02-24,"High",0.0225988700564972
"786",2016-02-25,"High",0.00980392156862745
"787",2016-02-26,"High",0.00923076923076923
"788",2016-02-27,"High",0
"789",2016-02-28,"High",0
"790",2016-02-29,"High",0.0192837465564738
"791",2016-03-01,"High",0.00967741935483871
"792",2016-03-02,"High",0.0214067278287462
"793",2016-03-03,"High",0.0186915887850467
"794",2016-03-04,"High",0.00326797385620915
"795",2016-03-05,"High",0.00352112676056338
"796",2016-03-06,"High",0
"797",2016-03-07,"High",0
"798",2016-03-08,"High",0.0192307692307692
"799",2016-03-09,"High",0.0140350877192982
"800",2016-03-10,"High",0
"801",2016-03-11,"High",0
"802",2016-03-12,"High",0
"803",2016-03-13,"High",0.00315457413249211
"804",2016-03-14,"High",0
"805",2016-03-15,"High",0
"806",2016-03-16,"High",0.00342465753424658
"807",2016-03-17,"High",0.0153846153846154
"808",2016-03-18,"High",0.00352112676056338
"809",2016-03-19,"High",0.00334448160535117
"810",2016-03-20,"High",0.00336700336700337
"811",2016-03-21,"High",0
"812",2016-03-22,"High",0
"813",2016-03-23,"High",0
"814",2016-03-24,"High",0
"815",2016-03-25,"High",0
"816",2016-03-26,"High",0.00389105058365759
"817",2016-03-27,"High",0
"818",2016-03-28,"High",0.00378787878787879
"819",2016-03-29,"High",0
"820",2016-03-30,"High",0
"821",2016-03-31,"High",0
"822",2016-04-01,"Medium",0
"823",2016-04-02,"Medium",0.00413223140495868
"824",2016-04-03,"Medium",0
"825",2016-04-04,"Medium",0
"826",2016-04-05,"Medium",0
"827",2016-04-06,"Medium",0
"828",2016-04-07,"Medium",0
"829",2016-04-08,"Medium",0.0120967741935484
"830",2016-04-09,"Medium",0
"831",2016-04-10,"Medium",0
"832",2016-04-11,"Medium",0.00711743772241993
"833",2016-04-12,"Medium",0.00740740740740741
"834",2016-04-13,"Medium",0.00418410041841004
"835",2016-04-14,"Medium",0.0212765957446809
"836",2016-04-15,"Medium",0.00769230769230769
"837",2016-04-16,"Medium",0.0126582278481013
"838",2016-04-17,"Medium",0.00709219858156028
"839",2016-04-18,"Medium",0.0232558139534884
"840",2016-04-19,"Medium",0.0103806228373702
"841",2016-04-20,"Medium",0
"842",2016-04-21,"Medium",0.0173010380622837
"843",2016-04-22,"Medium",0.0037037037037037
"844",2016-04-23,"Medium",0.0115830115830116
"845",2016-04-24,"Medium",0
"846",2016-04-25,"Medium",0.0289855072463768
"847",2016-04-26,"Medium",0
"848",2016-04-27,"Medium",0
"849",2016-04-28,"Medium",0.008
"850",2016-04-29,"Medium",0.0149812734082397
"851",2016-04-30,"Medium",0
"852",2016-05-01,"Medium",0.00359712230215827
"853",2016-05-02,"Medium",0.0146520146520147
"854",2016-05-03,"Medium",0.0178571428571429
"855",2016-05-04,"Medium",0.0152091254752852
"856",2016-05-05,"Medium",0.01171875
"857",2016-05-06,"Medium",0.0210084033613445
"858",2016-05-07,"Medium",0
"859",2016-05-08,"Medium",0.00757575757575758
"860",2016-05-09,"Medium",0.0104166666666667
"861",2016-05-10,"Medium",0.015625
"862",2016-05-11,"Medium",0.00386100386100386
"863",2016-05-12,"Medium",0.00740740740740741
"864",2016-05-13,"Medium",0.0396825396825397
"865",2016-05-14,"Medium",0.0130434782608696
"866",2016-05-15,"Medium",0
"867",2016-05-16,"Medium",0.00784313725490196
"868",2016-05-17,"Medium",0
"869",2016-05-18,"Medium",0.0119521912350598
"870",2016-05-19,"Medium",0.00732600732600733
"871",2016-05-20,"Medium",0
"872",2016-05-21,"Medium",0
"873",2016-05-22,"Medium",0.00427350427350427
"874",2016-05-23,"Medium",0.0108695652173913
"875",2016-05-24,"Medium",0
"876",2016-05-25,"Medium",0
"877",2016-05-26,"Medium",0
"878",2016-05-27,"Medium",0
"879",2016-05-28,"Medium",0
"880",2016-05-29,"Medium",0.00367647058823529
"881",2016-05-30,"Medium",0
"882",2016-05-31,"Medium",0
"883",2016-06-01,"Low",0.0161290322580645
"884",2016-06-02,"Low",0
"885",2016-06-03,"Low",0.0198412698412698
"886",2016-06-04,"Low",0.00843881856540084
"887",2016-06-05,"Low",0
"888",2016-06-06,"Low",0
"889",2016-06-07,"Low",0.00420168067226891
"890",2016-06-08,"Low",0
"891",2016-06-09,"Low",0.00418410041841004
"892",2016-06-10,"Low",0
"893",2016-06-11,"Low",0.0108695652173913
"894",2016-06-12,"Low",0.0128205128205128
"895",2016-06-13,"Low",0.00401606425702811
"896",2016-06-14,"Low",0.00436681222707424
"897",2016-06-15,"Low",0.00823045267489712
"898",2016-06-16,"Low",0.00471698113207547
"899",2016-06-17,"Low",0.00917431192660551
"900",2016-06-18,"Low",0.00823045267489712
"901",2016-06-19,"Low",0.00373134328358209
"902",2016-06-20,"Low",0
"903",2016-06-21,"Low",0
"904",2016-06-22,"Low",0.0193798449612403
"905",2016-06-23,"Low",0.0133333333333333
"906",2016-06-24,"Low",0
"907",2016-06-25,"Low",0.0045045045045045
"908",2016-06-26,"Low",0
"909",2016-06-27,"Low",0
"910",2016-06-28,"Low",0
"911",2016-06-29,"Low",0
"912",2016-06-30,"Low",0.00465116279069767
"913",2016-07-01,"Low",0
"914",2016-07-02,"Low",0
"915",2016-07-03,"Low",0.00793650793650794
"916",2016-07-04,"Low",0.0045045045045045
"917",2016-07-05,"Low",0.00813008130081301
"918",2016-07-06,"Low",0
"919",2016-07-07,"Low",0
"920",2016-07-08,"Low",0.00909090909090909
"921",2016-07-09,"Low",0.012
"922",2016-07-10,"Low",0.0142348754448399
"923",2016-07-11,"Low",0
"924",2016-07-12,"Low",0
"925",2016-07-13,"Low",0
"926",2016-07-14,"Low",0
"927",2016-07-15,"Low",0
"928",2016-07-16,"Low",0.0040650406504065
"929",2016-07-17,"Low",0
"930",2016-07-18,"Low",0
"931",2016-07-19,"Low",0
"932",2016-07-20,"Low",0.00480769230769231
"933",2016-07-21,"Low",0
"934",2016-07-22,"Low",0.0127659574468085
"935",2016-07-23,"Low",0.0180995475113122
"936",2016-07-24,"Low",0.00754716981132075
"937",2016-07-25,"Low",0.00826446280991736
"938",2016-07-26,"Low",0.00423728813559322
"939",2016-07-27,"Low",0.00813008130081301
"940",2016-07-28,"Low",0
"941",2016-07-29,"Low",0
"942",2016-07-30,"Low",0
"943",2016-07-31,"Low",0.00735294117647059
"944",2016-08-01,"Low",0.012
"945",2016-08-02,"Low",0.00467289719626168
"946",2016-08-03,"Low",0
"947",2016-08-04,"Low",0
"948",2016-08-05,"Low",0.00446428571428571
"949",2016-08-06,"Low",0
"950",2016-08-07,"Low",0
"951",2016-08-08,"Low",0
"952",2016-08-09,"Low",0.015
"953",2016-08-10,"Low",0.0214592274678112
"954",2016-08-11,"Low",0
"955",2016-08-12,"Low",0
"956",2016-08-13,"Low",0
"957",2016-08-14,"Low",0
"958",2016-08-15,"Low",0.00763358778625954
"959",2016-08-16,"Low",0
"960",2016-08-17,"Low",0
"961",2016-08-18,"Low",0.0191387559808612
"962",2016-08-19,"Low",0.004739336492891
"963",2016-08-20,"Low",0
"964",2016-08-21,"Low",0
"965",2016-08-22,"Low",0
"966",2016-08-23,"Low",0
"967",2016-08-24,"Low",0
"968",2016-08-25,"Low",0.00833333333333333
"969",2016-08-26,"Low",0
"970",2016-08-27,"Low",0
"971",2016-08-28,"Low",0
"972",2016-08-29,"Low",0
"973",2016-08-30,"Low",0.012448132780083
"974",2016-08-31,"Low",0.00440528634361234
"975",2016-09-01,"Medium",0.00772200772200772
"976",2016-09-02,"Medium",0
"977",2016-09-03,"Medium",0.00398406374501992
"978",2016-09-04,"Medium",0.00427350427350427
"979",2016-09-05,"Medium",0
"980",2016-09-06,"Medium",0
"981",2016-09-07,"Medium",0
"982",2016-09-08,"Medium",0.00938967136150235
"983",2016-09-09,"Medium",0
"984",2016-09-10,"Medium",0
"985",2016-09-11,"Medium",0
"986",2016-09-12,"Medium",0.00364963503649635
"987",2016-09-13,"Medium",0.00386100386100386
"988",2016-09-14,"Medium",0.0183823529411765
"989",2016-09-15,"Medium",0
"990",2016-09-16,"Medium",0
"991",2016-09-17,"Medium",0
"992",2016-09-18,"Medium",0
"993",2016-09-19,"Medium",0.00735294117647059
"994",2016-09-20,"Medium",0
"995",2016-09-21,"Medium",0.00409836065573771
"996",2016-09-22,"Medium",0.00440528634361234
"997",2016-09-23,"Medium",0
"998",2016-09-24,"Medium",0
"999",2016-09-25,"Medium",0
"1000",2016-09-26,"Medium",0.00348432055749129
"1001",2016-09-27,"Medium",0.00371747211895911
"1002",2016-09-28,"Medium",0
"1003",2016-09-29,"Medium",0.00434782608695652
"1004",2016-09-30,"Medium",0
"1005",2016-10-01,"Medium",0
"1006",2016-10-02,"Medium",0
"1007",2016-10-03,"Medium",0
"1008",2016-10-04,"Medium",0
"1009",2016-10-05,"Medium",0.0075187969924812
"1010",2016-10-06,"Medium",0
"1011",2016-10-07,"Medium",0.00384615384615385
"1012",2016-10-08,"Medium",0.004149377593361
"1013",2016-10-09,"Medium",0
"1014",2016-10-10,"Medium",0.0033112582781457
"1015",2016-10-11,"Medium",0.0152091254752852
"1016",2016-10-12,"Medium",0
"1017",2016-10-13,"Medium",0
"1018",2016-10-14,"Medium",0.0160642570281124
"1019",2016-10-15,"Medium",0
"1020",2016-10-16,"Medium",0.00381679389312977
"1021",2016-10-17,"Medium",0.0072463768115942
"1022",2016-10-18,"Medium",0
"1023",2016-10-19,"Medium",0
"1024",2016-10-20,"Medium",0.00373134328358209
"1025",2016-10-21,"Medium",0.0226415094339623
"1026",2016-10-22,"Medium",0.0037037037037037
"1027",2016-10-23,"Medium",0
"1028",2016-10-24,"Medium",0
"1029",2016-10-25,"Medium",0.00374531835205993
"1030",2016-10-26,"Medium",0.00384615384615385
"1031",2016-10-27,"Medium",0.00727272727272727
"1032",2016-10-28,"Medium",0.0037037037037037
"1033",2016-10-29,"Medium",0.00357142857142857
"1034",2016-10-30,"Medium",0.00778210116731518
"1035",2016-10-31,"Medium",0
"1036",2016-11-01,"Medium",0.014336917562724
"1037",2016-11-02,"Medium",0.00393700787401575
"1038",2016-11-03,"Medium",0.00366300366300366
"1039",2016-11-04,"Medium",0.00381679389312977
"1040",2016-11-05,"Medium",0
"1041",2016-11-06,"Medium",0.00320512820512821
"1042",2016-11-07,"Medium",0.00709219858156028
"1043",2016-11-08,"Medium",0.0141342756183746
"1044",2016-11-09,"Medium",0.0180505415162455
"1045",2016-11-10,"Medium",0
"1046",2016-11-11,"Medium",0.00423728813559322
"1047",2016-11-12,"Medium",0.00350877192982456
"1048",2016-11-13,"Medium",0.0192926045016077
"1049",2016-11-14,"Medium",0.0121951219512195
"1050",2016-11-15,"Medium",0.0033112582781457
"1051",2016-11-16,"Medium",0.00344827586206897
"1052",2016-11-17,"Medium",0.00413223140495868
"1053",2016-11-18,"Medium",0
"1054",2016-11-19,"Medium",0
"1055",2016-11-20,"Medium",0
"1056",2016-11-21,"Medium",0
"1057",2016-11-22,"Medium",0
"1058",2016-11-23,"Medium",0
"1059",2016-11-24,"Medium",0
"1060",2016-11-25,"Medium",0
"1061",2016-11-26,"Medium",0
"1062",2016-11-27,"Medium",0
"1063",2016-11-28,"Medium",0
"1064",2016-11-29,"Medium",0
"1065",2016-11-30,"Medium",0
"1066",2016-12-01,"Medium",0.00793650793650794
"1067",2016-12-02,"Medium",0.00393700787401575
"1068",2016-12-03,"Medium",0
"1069",2016-12-04,"Medium",0
"1070",2016-12-05,"Medium",0.00793650793650794
"1071",2016-12-06,"Medium",0
"1072",2016-12-07,"Medium",0.00790513833992095
"1073",2016-12-08,"Medium",0.0040650406504065
"1074",2016-12-09,"Medium",0
"1075",2016-12-10,"Medium",0
"1076",2016-12-11,"Medium",0.00657894736842105
"1077",2016-12-12,"Medium",0.00643086816720257
"1078",2016-12-13,"Medium",0.0186567164179104
"1079",2016-12-14,"Medium",0.00393700787401575
"1080",2016-12-15,"Medium",0.00425531914893617
"1081",2016-12-16,"Medium",0.00444444444444444
"1082",2016-12-17,"Medium",0
"1083",2016-12-18,"Medium",0.00784313725490196
"1084",2016-12-19,"Medium",0.0144927536231884
"1085",2016-12-20,"Medium",0
"1086",2016-12-21,"Medium",0
"1087",2016-12-22,"Medium",0.00497512437810945
"1088",2016-12-23,"Medium",0.00851063829787234
"1089",2016-12-24,"Medium",0.00469483568075117
"1090",2016-12-25,"Medium",0.00398406374501992
"1091",2016-12-26,"Medium",0.00593471810089021
"1092",2016-12-27,"Medium",0
"1093",2016-12-28,"Medium",0.00401606425702811
"1094",2016-12-29,"Medium",0
"1095",2016-12-30,"Medium",0
"1096",2016-12-31,"Medium",0.00423728813559322
"1097",2017-01-01,"High",0
"1098",2017-01-02,"High",0.00334448160535117
"1099",2017-01-03,"High",0.0036231884057971
"1100",2017-01-04,"High",0.0116279069767442
"1101",2017-01-05,"High",0.0112781954887218
"1102",2017-01-06,"High",0.00851063829787234
"1103",2017-01-07,"High",0
"1104",2017-01-08,"High",0
"1105",2017-01-09,"High",0
"1106",2017-01-10,"High",0.00738007380073801
"1107",2017-01-11,"High",0.0116731517509728
"1108",2017-01-12,"High",0
"1109",2017-01-13,"High",0
"1110",2017-01-14,"High",0
"1111",2017-01-15,"High",0
"1112",2017-01-16,"High",0
"1113",2017-01-17,"High",0
"1114",2017-01-18,"High",0.0105633802816901
"1115",2017-01-19,"High",0.00662251655629139
"1116",2017-01-20,"High",0
"1117",2017-01-21,"High",0
"1118",2017-01-22,"High",0
"1119",2017-01-23,"High",0
"1120",2017-01-24,"High",0.0107913669064748
"1121",2017-01-25,"High",0
"1122",2017-01-26,"High",0
"1123",2017-01-27,"High",0
"1124",2017-01-28,"High",0
"1125",2017-01-29,"High",0
"1126",2017-01-30,"High",0.0117302052785924
"1127",2017-01-31,"High",0.00308641975308642
"1128",2017-02-01,"High",0.0099009900990099
"1129",2017-02-02,"High",0.0126582278481013
"1130",2017-02-03,"High",0.0117994100294985
"1131",2017-02-04,"High",0.00302114803625378
"1132",2017-02-05,"High",0
"1133",2017-02-06,"High",0.00289855072463768
"1134",2017-02-07,"High",0.0126582278481013
"1135",2017-02-08,"High",0.00623052959501558
"1136",2017-02-09,"High",0.0308988764044944
"1137",2017-02-10,"High",0.0194805194805195
"1138",2017-02-11,"High",0.00711743772241993
"1139",2017-02-12,"High",0
"1140",2017-02-13,"High",0.00547945205479452
"1141",2017-02-14,"High",0.0111111111111111
"1142",2017-02-15,"High",0.00337837837837838
"1143",2017-02-16,"High",0.00350877192982456
"1144",2017-02-17,"High",0.00434782608695652
"1145",2017-02-18,"High",0
"1146",2017-02-19,"High",0
"1147",2017-02-20,"High",0
"1148",2017-02-21,"High",0.00857142857142857
"1149",2017-02-22,"High",0.00701754385964912
"1150",2017-02-23,"High",0
"1151",2017-02-24,"High",0
"1152",2017-02-25,"High",0.00348432055749129
"1153",2017-02-26,"High",0
"1154",2017-02-27,"High",0
"1155",2017-02-28,"High",0
"1156",2017-03-01,"High",0.00699300699300699
"1157",2017-03-02,"High",0.003584229390681
"1158",2017-03-03,"High",0
"1159",2017-03-04,"High",0.0065359477124183
"1160",2017-03-05,"High",0
"1161",2017-03-06,"High",0.0119760479041916
"1162",2017-03-07,"High",0
"1163",2017-03-08,"High",0.0103092783505155
"1164",2017-03-09,"High",0.00338983050847458
"1165",2017-03-10,"High",0.00859598853868195
"1166",2017-03-11,"High",0.00341296928327645
"1167",2017-03-12,"High",0.00284900284900285
"1168",2017-03-13,"High",0.0136239782016349
"1169",2017-03-14,"High",0.0588235294117647
"1170",2017-03-15,"High",0.0192926045016077
"1171",2017-03-16,"High",0.0235294117647059
"1172",2017-03-17,"High",0.0131578947368421
"1173",2017-03-18,"High",0.00386100386100386
"1174",2017-03-19,"High",0
"1175",2017-03-20,"High",0.0115273775216138
"1176",2017-03-21,"High",0.00314465408805031
"1177",2017-03-22,"High",0.0036231884057971
"1178",2017-03-23,"High",0.00668896321070234
"1179",2017-03-24,"High",0
"1180",2017-03-25,"High",0
"1181",2017-03-26,"High",0
"1182",2017-03-27,"High",0
"1183",2017-03-28,"High",0.00364963503649635
"1184",2017-03-29,"High",0.0072992700729927
"1185",2017-03-30,"High",0.0072992700729927
"1186",2017-03-31,"High",0.00743494423791822
"1187",2017-04-01,"Medium",0
"1188",2017-04-02,"Medium",0
"1189",2017-04-03,"Medium",0.00317460317460317
"1190",2017-04-04,"Medium",0.0298013245033113
"1191",2017-04-05,"Medium",0.0147058823529412
"1192",2017-04-06,"Medium",0.00630914826498423
"1193",2017-04-07,"Medium",0.00651465798045603
"1194",2017-04-08,"Medium",0
"1195",2017-04-09,"Medium",0
"1196",2017-04-10,"Medium",0.0131147540983607
"1197",2017-04-11,"Medium",0.00757575757575758
"1198",2017-04-12,"Medium",0
"1199",2017-04-13,"Medium",0.0146520146520147
"1200",2017-04-14,"Medium",0.00355871886120996
"1201",2017-04-15,"Medium",0
"1202",2017-04-16,"Medium",0
"1203",2017-04-17,"Medium",0.015527950310559
"1204",2017-04-18,"Medium",0.00727272727272727
"1205",2017-04-19,"Medium",0.00716845878136201
"1206",2017-04-20,"Medium",0.0104529616724739
"1207",2017-04-21,"Medium",0.00746268656716418
"1208",2017-04-22,"Medium",0.0034965034965035
"1209",2017-04-23,"Medium",0.00344827586206897
"1210",2017-04-24,"Medium",0.0258064516129032
"1211",2017-04-25,"Medium",0.0034965034965035
"1212",2017-04-26,"Medium",0.0655737704918033
"1213",2017-04-27,"Medium",0.0380622837370242
"1214",2017-04-28,"Medium",0.0182481751824818
"1215",2017-04-29,"Medium",0.0142348754448399
"1216",2017-04-30,"Medium",0.0101351351351351
"1217",2017-05-01,"Medium",0.0247678018575851
"1218",2017-05-02,"Medium",0.0186567164179104
"1219",2017-05-03,"Medium",0.0104895104895105
"1220",2017-05-04,"Medium",0.00709219858156028
"1221",2017-05-05,"Medium",0
"1222",2017-05-06,"Medium",0.00384615384615385
"1223",2017-05-07,"Medium",0.00444444444444444
"1224",2017-05-08,"Medium",0.00694444444444444
"1225",2017-05-09,"Medium",0.0436363636363636
"1226",2017-05-10,"Medium",0.00778210116731518
"1227",2017-05-11,"Medium",0.0374149659863946
"1228",2017-05-12,"Medium",0.0252707581227437
"1229",2017-05-13,"Medium",0.0119521912350598
"1230",2017-05-14,"Medium",0.00746268656716418
"1231",2017-05-15,"Medium",0.00651465798045603
"1232",2017-05-16,"Medium",0.00775193798449612
"1233",2017-05-17,"Medium",0.0148148148148148
"1234",2017-05-18,"Medium",0.00371747211895911
"1235",2017-05-19,"Medium",0.00352112676056338
"1236",2017-05-20,"Medium",0.003584229390681
"1237",2017-05-21,"Medium",0.0350877192982456
"1238",2017-05-22,"Medium",0.021875
"1239",2017-05-23,"Medium",0.0185185185185185
"1240",2017-05-24,"Medium",0.0235690235690236
"1241",2017-05-25,"Medium",0.00790513833992095
"1242",2017-05-26,"Medium",0.0183150183150183
"1243",2017-05-27,"Medium",0.0036101083032491
"1244",2017-05-28,"Medium",0.00757575757575758
"1245",2017-05-29,"Medium",0.00324675324675325
"1246",2017-05-30,"Medium",0.00364963503649635
"1247",2017-05-31,"Medium",0
"1248",2017-06-01,"Low",0.00413223140495868
"1249",2017-06-02,"Low",0.0120967741935484
"1250",2017-06-03,"Low",0.0196078431372549
"1251",2017-06-04,"Low",0.00409836065573771
"1252",2017-06-05,"Low",0.018796992481203
"1253",2017-06-06,"Low",0.00763358778625954
"1254",2017-06-07,"Low",0.00418410041841004
"1255",2017-06-08,"Low",0
"1256",2017-06-09,"Low",0.0155038759689922
"1257",2017-06-10,"Low",0.0300751879699248
"1258",2017-06-11,"Low",0.00769230769230769
"1259",2017-06-12,"Low",0
"1260",2017-06-13,"Low",0.0528455284552846
"1261",2017-06-14,"Low",0.0078125
"1262",2017-06-15,"Low",0.00436681222707424
"1263",2017-06-16,"Low",0
"1264",2017-06-17,"Low",0.00396825396825397
"1265",2017-06-18,"Low",0
"1266",2017-06-19,"Low",0
"1267",2017-06-20,"Low",0
"1268",2017-06-21,"Low",0.00432900432900433
"1269",2017-06-22,"Low",0
"1270",2017-06-23,"Low",0
"1271",2017-06-24,"Low",0
"1272",2017-06-25,"Low",0.0158102766798419
"1273",2017-06-26,"Low",0
"1274",2017-06-27,"Low",0.00900900900900901
"1275",2017-06-28,"Low",0
"1276",2017-06-29,"Low",0
"1277",2017-06-30,"Low",0
"1278",2017-07-01,"Low",0.016597510373444
"1279",2017-07-02,"Low",0
"1280",2017-07-03,"Low",0.00858369098712446
"1281",2017-07-04,"Low",0.0101522842639594
"1282",2017-07-05,"Low",0
"1283",2017-07-06,"Low",0
"1284",2017-07-07,"Low",0
"1285",2017-07-08,"Low",0.00462962962962963
"1286",2017-07-09,"Low",0.00793650793650794
"1287",2017-07-10,"Low",0
"1288",2017-07-11,"Low",0
"1289",2017-07-12,"Low",0.00444444444444444
"1290",2017-07-13,"Low",0.00432900432900433
"1291",2017-07-14,"Low",0.00892857142857143
"1292",2017-07-15,"Low",0
"1293",2017-07-16,"Low",0.0292887029288703
"1294",2017-07-17,"Low",0
"1295",2017-07-18,"Low",0.00408163265306122
"1296",2017-07-19,"Low",0
"1297",2017-07-20,"Low",0.00858369098712446
"1298",2017-07-21,"Low",0.0131004366812227
"1299",2017-07-22,"Low",0
"1300",2017-07-23,"Low",0
"1301",2017-07-24,"Low",0
"1302",2017-07-25,"Low",0.00409836065573771
"1303",2017-07-26,"Low",0.00510204081632653
"1304",2017-07-27,"Low",0
"1305",2017-07-28,"Low",0
"1306",2017-07-29,"Low",0
"1307",2017-07-30,"Low",0.00809716599190283
"1308",2017-07-31,"Low",0
"1309",2017-08-01,"Low",0.00429184549356223
"1310",2017-08-02,"Low",0.0045662100456621
"1311",2017-08-03,"Low",0.00462962962962963
"1312",2017-08-04,"Low",0
"1313",2017-08-05,"Low",0.00421940928270042
"1314",2017-08-06,"Low",0.00404858299595142
"1315",2017-08-07,"Low",0
"1316",2017-08-08,"Low",0.00784313725490196
"1317",2017-08-09,"Low",0.0154440154440154
"1318",2017-08-10,"Low",0.00840336134453781
"1319",2017-08-11,"Low",0.00847457627118644
"1320",2017-08-12,"Low",0.00427350427350427
"1321",2017-08-13,"Low",0
"1322",2017-08-14,"Low",0.00843881856540084
"1323",2017-08-15,"Low",0.00418410041841004
"1324",2017-08-16,"Low",0
"1325",2017-08-17,"Low",0
"1326",2017-08-18,"Low",0.00440528634361234
"1327",2017-08-19,"Low",0
"1328",2017-08-20,"Low",0.00784313725490196
"1329",2017-08-21,"Low",0.0260223048327138
"1330",2017-08-22,"Low",0.00934579439252336
"1331",2017-08-23,"Low",0
"1332",2017-08-24,"Low",0
"1333",2017-08-25,"Low",0.00793650793650794
"1334",2017-08-26,"Low",0.0127659574468085
"1335",2017-08-27,"Low",0.00374531835205993
"1336",2017-08-28,"Low",0.00373134328358209
"1337",2017-08-29,"Low",0.00432900432900433
"1338",2017-08-30,"Low",0.0125
"1339",2017-08-31,"Low",0.0114942528735632
"1340",2017-09-01,"Medium",0.0194552529182879
"1341",2017-09-02,"Medium",0.00680272108843537
"1342",2017-09-03,"Medium",0.00816326530612245
"1343",2017-09-04,"Medium",0.0130293159609121
"1344",2017-09-05,"Medium",0.0190839694656489
"1345",2017-09-06,"Medium",0
"1346",2017-09-07,"Medium",0.0234113712374582
"1347",2017-09-08,"Medium",0.0191570881226054
"1348",2017-09-09,"Medium",0.0105263157894737
"1349",2017-09-10,"Medium",0.0203389830508475
"1350",2017-09-11,"Medium",0.0324675324675325
"1351",2017-09-12,"Medium",0.0152671755725191
"1352",2017-09-13,"Medium",0.0227272727272727
"1353",2017-09-14,"Medium",0.0413793103448276
"1354",2017-09-15,"Medium",0.036144578313253
"1355",2017-09-16,"Medium",0
"1356",2017-09-17,"Medium",0.00611620795107034
"1357",2017-09-18,"Medium",0.0163398692810458
"1358",2017-09-19,"Medium",0.0107142857142857
"1359",2017-09-20,"Medium",0.003690036900369
"1360",2017-09-21,"Medium",0.0181159420289855
"1361",2017-09-22,"Medium",0
"1362",2017-09-23,"Medium",0.00374531835205993
"1363",2017-09-24,"Medium",0.0128617363344051
"1364",2017-09-25,"Medium",0.012987012987013
"1365",2017-09-26,"Medium",0.0443686006825939
"1366",2017-09-27,"Medium",0.0330882352941176
"1367",2017-09-28,"Medium",0.0460992907801418
"1368",2017-09-29,"Medium",0.0286885245901639
"1369",2017-09-30,"Medium",0.00389105058365759
"1370",2017-10-01,"Medium",0
"1371",2017-10-02,"Medium",0.0174216027874564
"1372",2017-10-03,"Medium",0.0108303249097473
"1373",2017-10-04,"Medium",0.073943661971831
"1374",2017-10-05,"Medium",0.0225563909774436
"1375",2017-10-06,"Medium",0
"1376",2017-10-07,"Medium",0.0155642023346304
"1377",2017-10-08,"Medium",0.00796812749003984
"1378",2017-10-09,"Medium",0.0244755244755245
"1379",2017-10-10,"Medium",0.0107142857142857
"1380",2017-10-11,"Medium",0.0169491525423729
"1381",2017-10-12,"Medium",0.0418250950570342
"1382",2017-10-13,"Medium",0.0501792114695341
"1383",2017-10-14,"Medium",0.0471014492753623
"1384",2017-10-15,"Medium",0
"1385",2017-10-16,"Medium",0.00328947368421053
"1386",2017-10-17,"Medium",0.0175438596491228
"1387",2017-10-18,"Medium",0.00381679389312977
"1388",2017-10-19,"Medium",0.0289855072463768
"1389",2017-10-20,"Medium",0.00383141762452107
"1390",2017-10-21,"Medium",0.0132743362831858
"1391",2017-10-22,"Medium",0.00743494423791822
"1392",2017-10-23,"Medium",0
"1393",2017-10-24,"Medium",0.008
"1394",2017-10-25,"Medium",0.0159362549800797
"1395",2017-10-26,"Medium",0.0413533834586466
"1396",2017-10-27,"Medium",0.0283687943262411
"1397",2017-10-28,"Medium",0.0137931034482759
"1398",2017-10-29,"Medium",0
"1399",2017-10-30,"Medium",0.0072463768115942
"1400",2017-10-31,"Medium",0
"1401",2017-11-01,"Medium",0.0117647058823529
"1402",2017-11-02,"Medium",0.0111111111111111
"1403",2017-11-03,"Medium",0.0229885057471264
"1404",2017-11-04,"Medium",0
"1405",2017-11-05,"Medium",0
"1406",2017-11-06,"Medium",0.0378548895899054
"1407",2017-11-07,"Medium",0.0540540540540541
"1408",2017-11-08,"Medium",0.0154440154440154
"1409",2017-11-09,"Medium",0.011070110701107
"1410",2017-11-10,"Medium",0.00854700854700855
"1411",2017-11-11,"Medium",0.008
"1412",2017-11-12,"Medium",0.00366300366300366
"1413",2017-11-13,"Medium",0.03886925795053
"1414",2017-11-14,"Medium",0.0037593984962406
"1415",2017-11-15,"Medium",0.0223048327137546
"1416",2017-11-16,"Medium",0.0323886639676113
"1417",2017-11-17,"Medium",0.00749063670411985
"1418",2017-11-18,"Medium",0.00772200772200772
"1419",2017-11-19,"Medium",0
"1420",2017-11-20,"Medium",0.0148148148148148
"1421",2017-11-21,"Medium",0.00829875518672199
"1422",2017-11-22,"Medium",0.00434782608695652
"1423",2017-11-23,"Medium",0
"1424",2017-11-24,"Medium",0.0126182965299685
"1425",2017-11-25,"Medium",0
"1426",2017-11-26,"Medium",0.00694444444444444
"1427",2017-11-27,"Medium",0.00754716981132075
"1428",2017-11-28,"Medium",0.0209205020920502
"1429",2017-11-29,"Medium",0
"1430",2017-11-30,"Medium",0.0152671755725191
"1431",2017-12-01,"Medium",0.0217391304347826
"1432",2017-12-02,"Medium",0.0228136882129278
"1433",2017-12-03,"Medium",0.00343642611683849
"1434",2017-12-04,"Medium",0.0174216027874564
"1435",2017-12-05,"Medium",0.0173611111111111
"1436",2017-12-06,"Medium",0.027027027027027
"1437",2017-12-07,"Medium",0.00387596899224806
"1438",2017-12-08,"Medium",0.0106007067137809
"1439",2017-12-09,"Medium",0.0253164556962025
"1440",2017-12-10,"Medium",0.0376175548589342
"1441",2017-12-11,"Medium",0.0287539936102236
"1442",2017-12-12,"Medium",0.0223642172523962
"1443",2017-12-13,"Medium",0.0316901408450704
"1444",2017-12-14,"Medium",0.0443686006825939
"1445",2017-12-15,"Medium",0.0546623794212219
"1446",2017-12-16,"Medium",0.0647887323943662
"1447",2017-12-17,"Medium",0.0697050938337802
"1448",2017-12-18,"Medium",0.0382352941176471
"1449",2017-12-19,"Medium",0.0573065902578797
"1450",2017-12-20,"Medium",0.0237388724035608
"1451",2017-12-21,"Medium",0.0223642172523962
"1452",2017-12-22,"Medium",0.00316455696202532
"1453",2017-12-23,"Medium",0.0167597765363128
"1454",2017-12-24,"Medium",0.0105820105820106
"1455",2017-12-25,"Medium",0.015625
"1456",2017-12-26,"Medium",0.0269541778975741
"1457",2017-12-27,"Medium",0.0923913043478261
"1458",2017-12-28,"Medium",0.0560224089635854
"1459",2017-12-29,"Medium",0.0503978779840849
"1460",2017-12-30,"Medium",0.0376884422110553
"1461",2017-12-31,"Medium",0.0725
"1462",2018-01-01,"High",0.0530120481927711
"1463",2018-01-02,"High",0.0251889168765743
"1464",2018-01-03,"High",0.0167597765363128
"1465",2018-01-04,"High",0.0165289256198347
"1466",2018-01-05,"High",0.0143266475644699
"1467",2018-01-06,"High",0.0123076923076923
"1468",2018-01-07,"High",0.0348525469168901
"1469",2018-01-08,"High",0.0032258064516129
"1470",2018-01-09,"High",0
"1471",2018-01-10,"High",0
"1472",2018-01-11,"High",0.0036101083032491
"1473",2018-01-12,"High",0
"1474",2018-01-13,"High",0.00348432055749129
"1475",2018-01-14,"High",0.00630914826498423
"1476",2018-01-15,"High",0.0104529616724739
"1477",2018-01-16,"High",0.00392156862745098
"1478",2018-01-17,"High",0.00727272727272727
"1479",2018-01-18,"High",0
"1480",2018-01-19,"High",0.0075187969924812
"1481",2018-01-20,"High",0
"1482",2018-01-21,"High",0.00348432055749129
"1483",2018-01-22,"High",0.00340136054421769
"1484",2018-01-23,"High",0.00387596899224806
"1485",2018-01-24,"High",0
"1486",2018-01-25,"High",0.0033003300330033
"1487",2018-01-26,"High",0
"1488",2018-01-27,"High",0.00328947368421053
"1489",2018-01-28,"High",0.00327868852459016
"1490",2018-01-29,"High",0.0084985835694051
"1491",2018-01-30,"High",0.00303951367781155
"1492",2018-01-31,"High",0.0232558139534884
"1493",2018-02-01,"High",0.031055900621118
"1494",2018-02-02,"High",0.015625
"1495",2018-02-03,"High",0.00890207715133531
"1496",2018-02-04,"High",0.00568181818181818
"1497",2018-02-05,"High",0.078167115902965
"1498",2018-02-06,"High",0.0559006211180124
"1499",2018-02-07,"High",0.0144927536231884
"1500",2018-02-08,"High",0.00630914826498423
"1501",2018-02-09,"High",0.0121580547112462
"1502",2018-02-10,"High",0.0212121212121212
"1503",2018-02-11,"High",0
"1504",2018-02-12,"High",0.00636942675159236
"1505",2018-02-13,"High",0.00940438871473354
"1506",2018-02-14,"High",0.00380228136882129
"1507",2018-02-15,"High",0.00964630225080386
"1508",2018-02-16,"High",0.02
"1509",2018-02-17,"High",0.0196078431372549
"1510",2018-02-18,"High",0.0236686390532544
"1511",2018-02-19,"High",0.00574712643678161
"1512",2018-02-20,"High",0.0165562913907285
"1513",2018-02-21,"High",0
"1514",2018-02-22,"High",0.0111524163568773
"1515",2018-02-23,"High",0.00735294117647059
"1516",2018-02-24,"High",0
"1517",2018-02-25,"High",0.00655737704918033
"1518",2018-02-26,"High",0.0731707317073171
"1519",2018-02-27,"High",0.0254545454545455
"1520",2018-02-28,"High",0.00364963503649635
"1521",2018-03-01,"High",0.00689655172413793
"1522",2018-03-02,"High",0.0068259385665529
"1523",2018-03-03,"High",0
"1524",2018-03-04,"High",0.00355871886120996
"1525",2018-03-05,"High",0.0461538461538462
"1526",2018-03-06,"High",0.0467289719626168
"1527",2018-03-07,"High",0.0231788079470199
"1528",2018-03-08,"High",0.0255591054313099
"1529",2018-03-09,"High",0.00641025641025641
"1530",2018-03-10,"High",0.00392156862745098
"1531",2018-03-11,"High",0.0133333333333333
"1532",2018-03-12,"High",0.0512820512820513
"1533",2018-03-13,"High",0.032051282051282
"1534",2018-03-14,"High",0.0440677966101695
"1535",2018-03-15,"High",0.0106761565836299
"1536",2018-03-16,"High",0.0108695652173913
"1537",2018-03-17,"High",0.0135135135135135
"1538",2018-03-18,"High",0.0147058823529412
"1539",2018-03-19,"High",0.0465116279069767
"1540",2018-03-20,"High",0.0262295081967213
"1541",2018-03-21,"High",0.0263157894736842
"1542",2018-03-22,"High",0.0244755244755245
"1543",2018-03-23,"High",0.0169491525423729
"1544",2018-03-24,"High",0.00677966101694915
"1545",2018-03-25,"High",0
"1546",2018-03-26,"High",0.00813008130081301
"1547",2018-03-27,"High",0
"1548",2018-03-28,"High",0
"1549",2018-03-29,"High",0.00432900432900433
"1550",2018-03-30,"High",0.00793650793650794
"1551",2018-03-31,"High",0.0072992700729927
"1552",2018-04-01,"Medium",0.00743494423791822
"1553",2018-04-02,"Medium",0.0148148148148148
"1554",2018-04-03,"Medium",0.00333333333333333
"1555",2018-04-04,"Medium",0.004149377593361
"1556",2018-04-05,"Medium",0.00873362445414847
"1557",2018-04-06,"Medium",0
"1558",2018-04-07,"Medium",0.00858369098712446
"1559",2018-04-08,"Medium",0.0121457489878543
"1560",2018-04-09,"Medium",0.0147058823529412
"1561",2018-04-10,"Medium",0
"1562",2018-04-11,"Medium",0.0132743362831858
"1563",2018-04-12,"Medium",0.00425531914893617
"1564",2018-04-13,"Medium",0
"1565",2018-04-14,"Medium",0.00371747211895911
"1566",2018-04-15,"Medium",0.00806451612903226
"1567",2018-04-16,"Medium",0.0126582278481013
"1568",2018-04-17,"Medium",0.00813008130081301
"1569",2018-04-18,"Medium",0
"1570",2018-04-19,"Medium",0.00854700854700855
"1571",2018-04-20,"Medium",0
"1572",2018-04-21,"Medium",0.00769230769230769
"1573",2018-04-22,"Medium",0.0296296296296296
"1574",2018-04-23,"Medium",0.025830258302583
"1575",2018-04-24,"Medium",0.0210526315789474
"1576",2018-04-25,"Medium",NA
"1577",2018-04-26,"Medium",NA
"1578",2018-04-27,"Medium",NA
"1579",2018-04-28,"Medium",NA
"1580",2018-04-29,"Medium",NA
"1581",2018-04-30,"Medium",NA
"1582",2018-05-01,"Medium",NA
"1583",2018-05-02,"Medium",NA
"1584",2018-05-03,"Medium",NA
"1585",2018-05-04,"Medium",NA
"1586",2018-05-05,"Medium",NA
"1587",2018-05-06,"Medium",NA
"1588",2018-05-07,"Medium",NA
"1589",2018-05-08,"Medium",NA
"1590",2018-05-09,"Medium",NA
"1591",2018-05-10,"Medium",NA
"1592",2018-05-11,"Medium",NA
"1593",2018-05-12,"Medium",NA
"1594",2018-05-13,"Medium",NA
"1595",2018-05-14,"Medium",NA
"1596",2018-05-15,"Medium",NA
"1597",2018-05-16,"Medium",NA
"1598",2018-05-17,"Medium",NA
"1599",2018-05-18,"Medium",NA
"1600",2018-05-19,"Medium",NA
"1601",2018-05-20,"Medium",NA
"1602",2018-05-21,"Medium",NA
"1603",2018-05-22,"Medium",NA
"1604",2018-05-23,"Medium",NA
"1605",2018-05-24,"Medium",NA
"1606",2018-05-25,"Medium",NA
"1607",2018-05-26,"Medium",NA
"1608",2018-05-27,"Medium",NA
"1609",2018-05-28,"Medium",NA
"1610",2018-05-29,"Medium",NA
"1611",2018-05-30,"Medium",NA
"1612",2018-05-31,"Medium",NA
"1613",2018-06-01,"Low",NA
"1614",2018-06-02,"Low",NA
"1615",2018-06-03,"Low",NA
"1616",2018-06-04,"Low",NA
"1617",2018-06-05,"Low",NA
"1618",2018-06-06,"Low",NA
"1619",2018-06-07,"Low",NA
"1620",2018-06-08,"Low",NA
